<?xml version="1.0" encoding="UTF-8"?>
<project-private xmlns="http://www.netbeans.org/ns/project-private/1">
    <editor-bookmarks xmlns="http://www.netbeans.org/ns/editor-bookmarks/2" lastBookmarkId="0"/>
    <open-files xmlns="http://www.netbeans.org/ns/projectui-open-files/2">
        <group>
            <file>file:/C:/Users/khang/Desktop/CS%202050/CS%20Assignments/kNguyenHW4/kNguyenHW4/src/output/hw4output1.txt</file>
            <file>file:/C:/Users/khang/Desktop/CS%202050/CS%20Assignments/kNguyenHW4/kNguyenHW4/src/knguyenhw4/MyCollectionInterface.java</file>
            <file>file:/C:/Users/khang/Desktop/CS%202050/CS%20Assignments/kNguyenHW4/kNguyenHW4/src/knguyenhw4/Node.java</file>
            <file>file:/C:/Users/khang/Desktop/CS%202050/CS%20Assignments/kNguyenHW4/kNguyenHW4/src/knguyenhw4/GradeItem.java</file>
            <file>file:/C:/Users/khang/Desktop/CS%202050/CS%20Assignments/kNguyenHW4/kNguyenHW4/src/knguyenhw4/MyList.java</file>
            <file>file:/C:/Users/khang/Desktop/CS%202050/CS%20Assignments/kNguyenHW4/kNguyenHW4/src/knguyenhw4/KNguyenHW4.java</file>
            <file>file:/C:/Users/khang/Desktop/CS%202050/CS%20Assignments/kNguyenHW4/kNguyenHW4/src/knguyenhw4/Student.java</file>
        </group>
    </open-files>
</project-private>
