<?xml version="1.0" encoding="UTF-8"?>
<project-private xmlns="http://www.netbeans.org/ns/project-private/1">
    <editor-bookmarks xmlns="http://www.netbeans.org/ns/editor-bookmarks/2" lastBookmarkId="0"/>
    <open-files xmlns="http://www.netbeans.org/ns/projectui-open-files/2">
        <group>
            <file>file:/C:/Users/khang/Desktop/CS%202050/CS%20Assignments/kNguyenHW6/kNguyenHW6/src/knguyenhw6/quickSort.java</file>
            <file>file:/C:/Users/khang/Desktop/CS%202050/CS%20Assignments/kNguyenHW6/kNguyenHW6/src/knguyenhw6/KNguyenHW6.java</file>
            <file>file:/C:/Users/khang/Desktop/CS%202050/CS%20Assignments/kNguyenHW6/kNguyenHW6/src/input/hw6inputx.txt</file>
            <file>file:/C:/Users/khang/Desktop/CS%202050/CS%20Assignments/kNguyenHW6/kNguyenHW6/src/knguyenhw6/shellSort.java</file>
        </group>
    </open-files>
</project-private>
